{
  "custom": {},
  "params": {},
  "props": {},
  "root": {
    "children": [
      {
        "meta": {
          "name": "Label"
        },
        "position": {
          "basis": "32px"
        },
        "props": {
          "style": {
            "classes": "HeaderLabels"
          },
          "text": "History"
        },
        "type": "ia.display.label"
      },
      {
        "meta": {
          "name": "PowerChart"
        },
        "position": {
          "basis": "600px",
          "grow": 1
        },
        "props": {
          "config": {
            "measureOfTime": "minutes",
            "rangeEndDate": {
              "$": [
                "ts",
                0,
                1767648792346
              ],
              "$ts": 1767648790298
            },
            "rangeSelectorPen": "histprov:QCA_Historian:/drv:ignition-11b0e7449e60:default:/tag:dumpers/rd01/tonnagerate_tph",
            "rangeStartDate": {
              "$": [
                "ts",
                0,
                1767648792346
              ],
              "$ts": 1767648192298
            },
            "unitOfTime": 10
          },
          "interaction": {
            "chartZoomLevel": 1,
            "rangeZoomLevel": 1
          },
          "pens": [
            {
              "axis": "",
              "data": {
                "aggregateMode": "default",
                "source": "histprov:QCA_Historian:/drv:ignition-11b0e7449e60:default:/tag:dumpers/rd01/tonnagerate_tph"
              },
              "display": {
                "breakLine": true,
                "interpolation": "curveLinear",
                "radius": 3,
                "styles": {
                  "highlighted": {
                    "fill": {
                      "color": "#63BEA2",
                      "opacity": 1
                    },
                    "stroke": {
                      "color": "#63BEA2",
                      "dashArray": 0,
                      "opacity": 1,
                      "width": 1
                    }
                  },
                  "muted": {
                    "fill": {
                      "color": "#63BEA2",
                      "opacity": 0.4
                    },
                    "stroke": {
                      "color": "#63BEA2",
                      "dashArray": 0,
                      "opacity": 0.4,
                      "width": 1
                    }
                  },
                  "normal": {
                    "fill": {
                      "color": "#63BEA2",
                      "opacity": 0.8
                    },
                    "stroke": {
                      "color": "#63BEA2",
                      "dashArray": 0,
                      "opacity": 0.8,
                      "width": 1
                    }
                  },
                  "selected": {
                    "fill": {
                      "color": "#63BEA2",
                      "opacity": 1
                    },
                    "stroke": {
                      "color": "#63BEA2",
                      "dashArray": 0,
                      "opacity": 1,
                      "width": 1
                    }
                  }
                },
                "type": "line"
              },
              "enabled": true,
              "name": "RD01",
              "plot": 0,
              "selectable": true,
              "visible": true
            },
            {
              "axis": "",
              "data": {
                "aggregateMode": "default",
                "source": "histprov:QCA_Historian:/drv:ignition-11b0e7449e60:default:/tag:dumpers/rd02/tonnagerate_tph"
              },
              "display": {
                "breakLine": true,
                "interpolation": "curveLinear",
                "radius": 3,
                "styles": {
                  "highlighted": {
                    "fill": {
                      "color": "#FC8D62",
                      "opacity": 1
                    },
                    "stroke": {
                      "color": "#fc8d62",
                      "dashArray": 0,
                      "opacity": 1,
                      "width": 1
                    }
                  },
                  "muted": {
                    "fill": {
                      "color": "#FC8D62",
                      "opacity": 0.4
                    },
                    "stroke": {
                      "color": "#fc8d62",
                      "dashArray": 0,
                      "opacity": 0.4,
                      "width": 1
                    }
                  },
                  "normal": {
                    "fill": {
                      "color": "#FC8D62",
                      "opacity": 0.8
                    },
                    "stroke": {
                      "color": "#fc8d62",
                      "dashArray": 0,
                      "opacity": 0.8,
                      "width": 1
                    }
                  },
                  "selected": {
                    "fill": {
                      "color": "#FC8D62",
                      "opacity": 1
                    },
                    "stroke": {
                      "color": "#fc8d62",
                      "dashArray": 0,
                      "opacity": 1,
                      "width": 1
                    }
                  }
                },
                "type": "line"
              },
              "enabled": true,
              "name": "RD02",
              "plot": 0,
              "selectable": true,
              "visible": true
            }
          ]
        },
        "type": "ia.chart.powerchart"
      }
    ],
    "meta": {
      "name": "root"
    },
    "props": {
      "direction": "column"
    },
    "type": "ia.container.flex"
  }
}