{
  "custom": {},
  "params": {
    "stationNumber": 1
  },
  "propConfig": {
    "params.stationNumber": {
      "paramDirection": "input",
      "persistent": true
    }
  },
  "props": {
    "defaultSize": {
      "height": 354,
      "width": 813
    }
  },
  "root": {
    "children": [
      {
        "children": [
          {
            "meta": {
              "name": "TPH"
            },
            "position": {
              "basis": "215px",
              "shrink": 0
            },
            "propConfig": {
              "props.value": {
                "binding": {
                  "config": {
                    "fallbackDelay": 2.5,
                    "mode": "indirect",
                    "references": {
                      "stationNumber": "{view.params.stationNumber}"
                    },
                    "tagPath": "[default]Dumpers/RD0{stationNumber}/TonnageRate_TPH"
                  },
                  "type": "tag"
                }
              }
            },
            "props": {
              "animate": true,
              "backgroundColor": "",
              "innerAxis": {
                "data": "secondaryValue",
                "maxValue": 80,
                "percentRadius": 85,
                "show": false,
                "width": 1
              },
              "outerAxis": {
                "data": "value",
                "maxValue": 4000,
                "percentRadius": 100,
                "ranges": [
                  {
                    "color": "#FF4444",
                    "end": 1000,
                    "start": 0,
                    "width": 8
                  },
                  {
                    "color": "#FFAA00",
                    "end": 2500,
                    "start": 1000,
                    "width": 12
                  },
                  {
                    "color": "#44AA44",
                    "end": 4000,
                    "start": 2500,
                    "width": 16
                  }
                ],
                "show": true,
                "width": 1
              }
            },
            "type": "ia.chart.gauge"
          },
          {
            "meta": {
              "name": "Label"
            },
            "position": {
              "basis": "50px"
            },
            "propConfig": {
              "props.text": {
                "binding": {
                  "config": {
                    "fallbackDelay": 2.5,
                    "mode": "indirect",
                    "references": {
                      "stationNumber": "{view.params.stationNumber}"
                    },
                    "tagPath": "[default]Dumpers/RD0{stationNumber}/TonnageRate_TPH"
                  },
                  "transforms": [
                    {
                      "formatType": "numeric",
                      "formatValue": "####.## TPH",
                      "type": "format"
                    }
                  ],
                  "type": "tag"
                }
              }
            },
            "props": {
              "style": {
                "classes": "StationLabel"
              }
            },
            "type": "ia.display.label"
          }
        ],
        "meta": {
          "name": "Tonnage"
        },
        "position": {
          "basis": "426px",
          "grow": 1
        },
        "props": {
          "alignItems": "center",
          "direction": "column",
          "justify": "space-evenly"
        },
        "type": "ia.container.flex"
      },
      {
        "children": [
          {
            "meta": {
              "name": "TPH"
            },
            "position": {
              "basis": "200px",
              "shrink": 0
            },
            "propConfig": {
              "props.value": {
                "binding": {
                  "config": {
                    "fallbackDelay": 2.5,
                    "mode": "indirect",
                    "references": {
                      "stationNumber": "{view.params.stationNumber}"
                    },
                    "tagPath": "[default]Dumpers/RD0{stationNumber}/RotationAngle_Deg"
                  },
                  "type": "tag"
                }
              }
            },
            "props": {
              "animate": true,
              "backgroundColor": "",
              "innerAxis": {
                "data": "secondaryValue",
                "maxValue": 80,
                "percentRadius": 85,
                "show": false,
                "width": 1
              },
              "outerAxis": {
                "data": "value",
                "maxValue": 180,
                "percentRadius": 100,
                "ranges": [
                  {
                    "color": "#888888",
                    "end": 30,
                    "start": 0,
                    "width": 8
                  },
                  {
                    "color": "#44AA44",
                    "end": 130,
                    "start": 30,
                    "width": 12
                  },
                  {
                    "color": "#FFAA00",
                    "end": 180,
                    "start": 130,
                    "width": 16
                  }
                ],
                "show": true,
                "width": 1
              }
            },
            "type": "ia.chart.gauge"
          },
          {
            "meta": {
              "name": "Label"
            },
            "position": {
              "basis": "50px"
            },
            "propConfig": {
              "props.text": {
                "binding": {
                  "config": {
                    "fallbackDelay": 2.5,
                    "mode": "indirect",
                    "references": {
                      "stationNumber": "{view.params.stationNumber}"
                    },
                    "tagPath": "[default]Dumpers/RD0{stationNumber}/RotationAngle_Deg"
                  },
                  "transforms": [
                    {
                      "formatType": "numeric",
                      "formatValue": "##.##°",
                      "type": "format"
                    }
                  ],
                  "type": "tag"
                }
              }
            },
            "props": {
              "style": {
                "classes": "StationLabel"
              }
            },
            "type": "ia.display.label"
          }
        ],
        "meta": {
          "name": "Tonnage_0"
        },
        "position": {
          "grow": 1,
          "shrink": 0
        },
        "props": {
          "alignItems": "center",
          "direction": "column",
          "wrap": "wrap"
        },
        "type": "ia.container.flex"
      }
    ],
    "meta": {
      "name": "root"
    },
    "props": {
      "alignItems": "flex-end",
      "justify": "center",
      "style": {
        "overflow": "hidden"
      },
      "wrap": "wrap"
    },
    "type": "ia.container.flex"
  }
}