{
  "custom": {},
  "params": {},
  "props": {
    "defaultSize": {
      "height": 75
    }
  },
  "root": {
    "children": [
      {
        "meta": {
          "name": "HorizontalMenu"
        },
        "position": {
          "basis": "75px"
        },
        "props": {
          "items": [
            {
              "enabled": true,
              "icon": {
                "path": "material/home"
              },
              "items": [],
              "label": "Overview",
              "style": {
                "classes": ""
              },
              "target": "/"
            },
            {
              "enabled": true,
              "icon": {
                "color": "",
                "path": "material/trending_up"
              },
              "items": [],
              "label": "History",
              "style": {
                "classes": ""
              },
              "target": "/history"
            },
            {
              "enabled": true,
              "icon": {
                "path": "material/business"
              },
              "items": [],
              "label": "Station 1",
              "style": {
                "classes": ""
              },
              "target": "/station-details/1"
            },
            {
              "enabled": true,
              "icon": {
                "path": "material/business"
              },
              "items": [],
              "label": "Station 2",
              "style": {
                "classes": ""
              },
              "target": "/station-details/2"
            },
            {
              "enabled": true,
              "icon": {
                "path": "material/train"
              },
              "items": [],
              "label": "Manifest",
              "style": {
                "classes": ""
              },
              "target": "/manifest"
            }
          ]
        },
        "type": "ia.navigation.horizontalmenu"
      }
    ],
    "meta": {
      "name": "root"
    },
    "props": {
      "direction": "column"
    },
    "type": "ia.container.flex"
  }
}