{
  "custom": {},
  "params": {
    "stationNumber": 1
  },
  "propConfig": {
    "params.stationNumber": {
      "paramDirection": "input",
      "persistent": true
    }
  },
  "props": {
    "defaultSize": {
      "height": 400,
      "width": 400
    }
  },
  "root": {
    "children": [
      {
        "meta": {
          "name": "Motor"
        },
        "position": {
          "basis": "100px",
          "grow": 1
        },
        "propConfig": {
          "props.label.text": {
            "binding": {
              "config": {
                "expression": "concat(\"Station \", {view.params.stationNumber})"
              },
              "type": "expr"
            }
          },
          "props.value.style.classes": {
            "binding": {
              "config": {
                "expression": "if(\n  tag(\"[default]Dumpers/RD0\" + {view.params.stationNumber} + \"/RotaryJam\"),\n  \"ErrorLabel\",\n  if(\n    tag(\"[default]Dumpers/RD0\" + {view.params.stationNumber} + \"/Running\"),\n    \"RunningStatus\",\n    \"WarningLabel\"\n  )\n)"
              },
              "type": "expr"
            }
          },
          "props.value.text": {
            "binding": {
              "config": {
                "expression": "if(\n  tag(\"[default]Dumpers/RD0\" + {view.params.stationNumber} + \"/RotaryJam\"),\n  \"Jammed\",\n  if(\n    tag(\"[default]Dumpers/RD0\" + {view.params.stationNumber} + \"/Running\"),\n    \"Running\",\n    \"Idle\"\n  )\n)"
              },
              "type": "expr"
            }
          }
        },
        "props": {
          "label": {
            "location": "top",
            "style": {
              "classes": "StationLabel"
            }
          },
          "value": {
            "location": "top",
            "style": {}
          }
        },
        "type": "ia.symbol.motor"
      },
      {
        "meta": {
          "name": "Label"
        },
        "position": {
          "basis": "32px"
        },
        "propConfig": {
          "props.text": {
            "binding": {
              "config": {
                "fallbackDelay": 2.5,
                "mode": "indirect",
                "references": {
                  "stationNumber": "{view.params.stationNumber}"
                },
                "tagPath": "[default]Dumpers/RD0{stationNumber}/TonnageRate_TPH"
              },
              "transforms": [
                {
                  "formatType": "numeric",
                  "formatValue": "####.## TPH",
                  "type": "format"
                }
              ],
              "type": "tag"
            }
          }
        },
        "props": {
          "textStyle": {
            "classes": "StationLabel",
            "fontSize": "20px",
            "textAlign": "center"
          }
        },
        "type": "ia.display.label"
      }
    ],
    "meta": {
      "name": "root"
    },
    "props": {
      "direction": "column",
      "justify": "space-between"
    },
    "type": "ia.container.flex"
  }
}