{
  "custom": {},
  "params": {},
  "props": {
    "defaultSize": {
      "height": 75,
      "width": 500
    }
  },
  "root": {
    "children": [
      {
        "meta": {
          "name": "HorizontalMenu"
        },
        "position": {
          "basis": "75px"
        },
        "props": {
          "items": [
            {
              "enabled": true,
              "icon": {
                "path": "material/home"
              },
              "items": [],
              "label": "Overview",
              "style": {
                "classes": ""
              },
              "target": "/"
            },
            {
              "enabled": true,
              "icon": {
                "color": "",
                "path": "material/trending_up"
              },
              "items": [],
              "label": "History",
              "style": {
                "classes": ""
              },
              "target": "/history"
            },
            {
              "enabled": true,
              "icon": {
                "path": "material/business"
              },
              "items": [
                {
                  "enabled": true,
                  "icon": {
                    "path": ""
                  },
                  "items": [],
                  "label": "Station 1",
                  "style": {
                    "classes": ""
                  },
                  "target": "/station-details/1"
                },
                {
                  "enabled": true,
                  "icon": {
                    "path": ""
                  },
                  "items": [],
                  "label": "Station 2",
                  "style": {
                    "classes": ""
                  },
                  "target": "/station-details/2"
                }
              ],
              "label": "Stations",
              "style": {
                "classes": ""
              },
              "target": ""
            }
          ]
        },
        "type": "ia.navigation.horizontalmenu"
      }
    ],
    "meta": {
      "name": "root"
    },
    "props": {
      "direction": "column",
      "justify": "center"
    },
    "type": "ia.container.flex"
  }
}