{
  "custom": {},
  "params": {
    "stationNumber": 1
  },
  "propConfig": {
    "params.stationNumber": {
      "paramDirection": "input",
      "persistent": true
    }
  },
  "props": {
    "defaultSize": {
      "height": 929,
      "width": 991
    }
  },
  "root": {
    "children": [
      {
        "children": [
          {
            "meta": {
              "name": "Station"
            },
            "position": {
              "basis": "32px"
            },
            "props": {
              "style": {
                "marginRight": "28px"
              },
              "text": "Status"
            },
            "type": "ia.display.label"
          },
          {
            "meta": {
              "name": "Label"
            },
            "position": {
              "basis": "32px"
            },
            "propConfig": {
              "props.style.classes": {
                "binding": {
                  "config": {
                    "expression": "if(\n  tag(\"[default]Dumpers/RD0\" + {view.params.stationNumber} + \"/RotaryJam\"),\n  \"ErrorLabel\",\n  if(\n    tag(\"[default]Dumpers/RD0\" + {view.params.stationNumber} + \"/Running\"),\n    \"RunningStatus\",\n    \"WarningLabel\"\n  )\n)"
                  },
                  "type": "expr"
                }
              },
              "props.text": {
                "binding": {
                  "config": {
                    "expression": "if(\n  tag(\"[default]Dumpers/RD0\" + {view.params.stationNumber} + \"/RotaryJam\"),\n  \"Jammed\",\n  if(\n    tag(\"[default]Dumpers/RD0\" + {view.params.stationNumber} + \"/Running\"),\n    \"Running\",\n    \"Idle\"\n  )\n)"
                  },
                  "type": "expr"
                }
              }
            },
            "props": {
              "style": {}
            },
            "type": "ia.display.label"
          }
        ],
        "meta": {
          "name": "Status"
        },
        "position": {
          "basis": "75px"
        },
        "props": {
          "alignItems": "center",
          "justify": "center",
          "style": {
            "marginBottom": "20px"
          }
        },
        "type": "ia.container.flex"
      },
      {
        "meta": {
          "name": "Station Details"
        },
        "position": {
          "basis": "400px",
          "grow": 1
        },
        "propConfig": {
          "props.params.stationNumber": {
            "binding": {
              "config": {
                "path": "view.params.stationNumber"
              },
              "type": "property"
            }
          }
        },
        "props": {
          "path": "Objects/Station Details",
          "style": {
            "marginBottom": "20px"
          }
        },
        "type": "ia.display.view"
      },
      {
        "meta": {
          "name": "Metrics-2"
        },
        "position": {
          "grow": 1,
          "shrink": 0
        },
        "propConfig": {
          "props.instances[0].value": {
            "binding": {
              "config": {
                "fallbackDelay": 2.5,
                "mode": "indirect",
                "references": {
                  "stationNumber": "{view.params.stationNumber}"
                },
                "tagPath": "[default]Dumpers/RD0{stationNumber}/ClampEngaged"
              },
              "transforms": [
                {
                  "fallback": null,
                  "inputType": "scalar",
                  "mappings": [
                    {
                      "input": true,
                      "output": "Engaged"
                    },
                    {
                      "input": false,
                      "output": "Released"
                    }
                  ],
                  "outputType": "scalar",
                  "type": "map"
                }
              ],
              "type": "tag"
            }
          },
          "props.instances[1].value": {
            "binding": {
              "config": {
                "fallbackDelay": 2.5,
                "mode": "indirect",
                "references": {
                  "stationNumber": "{view.params.stationNumber}"
                },
                "tagPath": "[default]Dumpers/RD0{stationNumber}/DumpingProduct"
              },
              "transforms": [
                {
                  "fallback": null,
                  "inputType": "scalar",
                  "mappings": [
                    {
                      "input": true,
                      "output": "Dumping"
                    },
                    {
                      "input": false,
                      "output": "Idle"
                    }
                  ],
                  "outputType": "scalar",
                  "type": "map"
                }
              ],
              "type": "tag"
            }
          },
          "props.instances[2].value": {
            "binding": {
              "config": {
                "fallbackDelay": 2.5,
                "mode": "indirect",
                "references": {
                  "stationNumber": "{view.params.stationNumber}"
                },
                "tagPath": "[default]Dumpers/RD0{stationNumber}/CyclePhase_Sec"
              },
              "transforms": [
                {
                  "formatType": "numeric",
                  "formatValue": "## sec",
                  "type": "format"
                }
              ],
              "type": "tag"
            }
          }
        },
        "props": {
          "alignContent": "flex-start",
          "alignItems": "flex-start",
          "elementPosition": {
            "grow": 0,
            "shrink": 0
          },
          "instances": [
            {
              "instancePosition": {},
              "instanceStyle": {
                "classes": ""
              },
              "name": "Clamp Status"
            },
            {
              "instancePosition": {},
              "instanceStyle": {
                "classes": ""
              },
              "name": "Dumping Status"
            },
            {
              "instancePosition": {},
              "instanceStyle": {
                "classes": ""
              },
              "name": "Cycle Phase"
            }
          ],
          "justify": "center",
          "path": "Objects/Status Card",
          "style": {
            "marginBottom": "24px"
          },
          "wrap": "wrap"
        },
        "type": "ia.display.flex-repeater"
      },
      {
        "meta": {
          "name": "AlarmStatusTable"
        },
        "position": {
          "basis": "400px"
        },
        "propConfig": {
          "props.filters.active.conditions.source": {
            "binding": {
              "config": {
                "expression": "concat(\"*Station_\", {view.params.stationNumber} ,\"*\")"
              },
              "type": "expr"
            }
          }
        },
        "props": {
          "filters": {
            "active": {
              "conditions": {}
            }
          }
        },
        "type": "ia.display.alarmstatustable"
      }
    ],
    "meta": {
      "name": "root"
    },
    "props": {
      "alignContent": "center",
      "direction": "column"
    },
    "type": "ia.container.flex"
  }
}