{
  "custom": {},
  "params": {},
  "props": {
    "defaultSize": {
      "height": 75
    }
  },
  "root": {
    "children": [
      {
        "meta": {
          "name": "EmbeddedView"
        },
        "position": {
          "size": "large"
        },
        "props": {
          "path": "Navigation/Top Nav - Large"
        },
        "type": "ia.display.view"
      },
      {
        "meta": {
          "name": "EmbeddedView_0"
        },
        "props": {
          "path": "Navigation/Top Nav - Small"
        },
        "type": "ia.display.view"
      }
    ],
    "meta": {
      "name": "root"
    },
    "type": "ia.container.breakpt"
  }
}