{
  "custom": {},
  "params": {},
  "props": {
    "defaultSize": {
      "height": 905,
      "width": 1308
    }
  },
  "root": {
    "children": [
      {
        "meta": {
          "name": "Label"
        },
        "position": {
          "basis": "32px"
        },
        "props": {
          "style": {
            "classes": "HeaderLabels"
          },
          "text": "Overview"
        },
        "type": "ia.display.label"
      },
      {
        "children": [
          {
            "meta": {
              "name": "Overview Vessel"
            },
            "position": {
              "basis": "320px"
            },
            "props": {
              "params": {
                "stationNumber": 1
              },
              "path": "Objects/Overview Vessel",
              "style": {
                "margin": "12px"
              },
              "useDefaultViewHeight": true
            },
            "type": "ia.display.view"
          },
          {
            "meta": {
              "name": "Overview Vessel_0"
            },
            "position": {
              "basis": "320px"
            },
            "props": {
              "params": {
                "stationNumber": 2
              },
              "path": "Objects/Overview Vessel",
              "style": {
                "margin": "12px"
              },
              "useDefaultViewHeight": true
            },
            "type": "ia.display.view"
          }
        ],
        "meta": {
          "name": "Stations"
        },
        "position": {
          "basis": "300px",
          "grow": 1
        },
        "props": {
          "alignContent": "space-around",
          "alignItems": "center",
          "justify": "space-around",
          "wrap": "wrap"
        },
        "type": "ia.container.flex"
      }
    ],
    "meta": {
      "name": "root"
    },
    "props": {
      "direction": "column",
      "justify": "space-around",
      "style": {
        "margin": ""
      },
      "wrap": "wrap"
    },
    "type": "ia.container.flex"
  }
}