{
  "custom": {},
  "params": {
    "name": "name",
    "value": "\"Hello World\""
  },
  "propConfig": {
    "params.name": {
      "paramDirection": "input",
      "persistent": true
    },
    "params.value": {
      "paramDirection": "input",
      "persistent": true
    }
  },
  "props": {
    "defaultSize": {
      "height": 100,
      "width": 315
    }
  },
  "root": {
    "children": [
      {
        "meta": {
          "name": "Name Label"
        },
        "position": {
          "basis": "32px",
          "grow": 1
        },
        "propConfig": {
          "props.text": {
            "binding": {
              "config": {
                "path": "view.params.name"
              },
              "transforms": [
                {
                  "expression": "{value} + \":\"",
                  "type": "expression"
                }
              ],
              "type": "property"
            }
          }
        },
        "props": {
          "style": {
            "textAlign": "right"
          }
        },
        "type": "ia.display.label"
      },
      {
        "meta": {
          "name": "Value Label"
        },
        "position": {
          "basis": "32px",
          "grow": 1
        },
        "propConfig": {
          "props.text": {
            "binding": {
              "config": {
                "path": "view.params.value"
              },
              "type": "property"
            }
          }
        },
        "props": {
          "style": {
            "textAlign": "center"
          },
          "textStyle": {
            "classes": "Text/Data"
          }
        },
        "type": "ia.display.label"
      }
    ],
    "meta": {
      "name": "root"
    },
    "props": {
      "style": {
        "backgroundColor": "var(--neutral-30)",
        "borderBottomLeftRadius": "5px",
        "borderBottomRightRadius": "5px",
        "borderColor": "var(--neutral-50)",
        "borderStyle": "solid",
        "borderTopLeftRadius": "5px",
        "borderTopRightRadius": "5px",
        "borderWidth": "1px",
        "margin": "8px"
      }
    },
    "type": "ia.container.flex"
  }
}