{
  "custom": {
    "ediText": "",
    "parsedData": [],
    "statusMessage": "",
    "statusType": ""
  },
  "params": {},
  "propConfig": {
    "custom.ediText": {
      "persistent": true
    },
    "custom.parsedData": {
      "persistent": true
    },
    "custom.statusMessage": {
      "persistent": true
    },
    "custom.statusType": {
      "persistent": true
    }
  },
  "props": {
    "defaultSize": {
      "height": 920,
      "width": 1064
    }
  },
  "root": {
    "children": [
      {
        "children": [
          {
            "meta": {
              "name": "Label"
            },
            "position": {
              "basis": "50px",
              "grow": 1
            },
            "props": {
              "style": {
                "classes": "HeaderLabels"
              },
              "text": "Import Manifest"
            },
            "type": "ia.display.label"
          }
        ],
        "meta": {
          "name": "Header"
        },
        "type": "ia.container.flex"
      },
      {
        "children": [
          {
            "meta": {
              "name": "Label"
            },
            "position": {
              "basis": "50px"
            },
            "props": {
              "text": "Electronic Data Interchange (EDI) Content"
            },
            "type": "ia.display.label"
          },
          {
            "meta": {
              "name": "TextArea_EDI"
            },
            "position": {
              "basis": "240px",
              "grow": 1
            },
            "propConfig": {
              "props.text": {
                "binding": {
                  "config": {
                    "bidirectional": true,
                    "path": "view.custom.ediText"
                  },
                  "type": "property"
                }
              }
            },
            "props": {
              "placeholder": "ex. CN789010,COAL-MET,102000"
            },
            "type": "ia.input.text-area"
          },
          {
            "children": [
              {
                "events": {
                  "dom": {
                    "onClick": {
                      "config": {
                        "script": "\tself.view.custom.statusType \u003d \"\"\n\tself.view.custom.statusMessage \u003d \"\"\n\t\t\n\tedi_text \u003d self.view.custom.ediText\n\t\n\tproduct_result \u003d system.db.runNamedQuery(\"getValidProductCodes\", {})\n\tvalid_products \u003d []\n\tfor i in range(product_result.rowCount):\n\t\tvalid_products.append(product_result.getValueAt(i, \"erp_code\"))\n\t\n\tlines \u003d edi_text.strip().split(\"\\n\")\n\t\n\tparsed \u003d []\n\tinvalid_products \u003d []\n\tseen_railcars \u003d []\n\tduplicate_railcars \u003d []\n\t\n\tfor line in lines:\n\t\tline \u003d line.strip()\n\t\tif not line:\n\t\t\tcontinue\n\t\t\n\t\tparts \u003d line.split(\",\")\n\t\t\n\t\tif len(parts) \u003e\u003d 3:\n\t\t\ttry:\n\t\t\t\tweight \u003d int(parts[2].strip())\n\t\t\texcept:\n\t\t\t\tweight \u003d 0\n\t\t\t\n\t\t\trailcar \u003d parts[0].strip()\n\t\t\tproduct_code \u003d parts[1].strip()\n\t\t\t\n\t\t\tif railcar in seen_railcars:\n\t\t\t\tduplicate_railcars.append(railcar)\n\t\t\tseen_railcars.append(railcar)\n\t\t\t\n\t\t\tif product_code not in valid_products:\n\t\t\t\tinvalid_products.append(product_code)\n\t\t\t\n\t\t\tis_valid \u003d product_code in valid_products and weight \u003e 0 and railcar not in duplicate_railcars\n\t\t\t\n\t\t\tparsed.append({\n\t\t\t\t\"railcar_number\": railcar,\n\t\t\t\t\"product_code\": product_code,\n\t\t\t\t\"declared_weight\": weight,\n\t\t\t\t\"valid\": is_valid\n\t\t\t})\n\t\n\tself.view.custom.parsedData \u003d parsed\n\t\n\terrors \u003d []\n\tif invalid_products:\n\t\terrors.append(\"Unknown products: \" + \", \".join(set(invalid_products)))\n\tif duplicate_railcars:\n\t\terrors.append(\"Duplicate railcars: \" + \", \".join(set(duplicate_railcars)))\n\t\n\tif errors:\n\t\tself.view.custom.statusMessage \u003d \" | \".join(errors)\n\t\tself.view.custom.statusType \u003d \"error\""
                      },
                      "preventDefault": true,
                      "scope": "G",
                      "type": "script"
                    }
                  }
                },
                "meta": {
                  "name": "Parse Button"
                },
                "position": {
                  "basis": "",
                  "shrink": 0
                },
                "props": {
                  "style": {
                    "marginBottom": "12px",
                    "marginTop": "12px",
                    "width": "150px"
                  },
                  "text": "Parse"
                },
                "type": "ia.input.button"
              }
            ],
            "meta": {
              "name": "FlexContainer"
            },
            "position": {
              "basis": "75px",
              "shrink": 0
            },
            "type": "ia.container.flex"
          }
        ],
        "meta": {
          "name": "EDI Intake"
        },
        "position": {
          "basis": "300px"
        },
        "props": {
          "direction": "column",
          "justify": "center",
          "style": {
            "margin": "16px"
          }
        },
        "type": "ia.container.flex"
      },
      {
        "children": [
          {
            "meta": {
              "name": "Label"
            },
            "position": {
              "basis": "50px"
            },
            "props": {
              "text": "Preview"
            },
            "type": "ia.display.label"
          },
          {
            "meta": {
              "name": "Table"
            },
            "position": {
              "basis": "400px",
              "grow": 1
            },
            "propConfig": {
              "props.data": {
                "binding": {
                  "config": {
                    "path": "view.custom.parsedData"
                  },
                  "type": "property"
                }
              }
            },
            "props": {
              "columns": [
                {
                  "align": "center",
                  "boolean": "checkbox",
                  "dateFormat": "MM/DD/YYYY",
                  "editable": false,
                  "field": "railcar_number",
                  "filter": {
                    "boolean": {
                      "condition": ""
                    },
                    "date": {
                      "condition": "",
                      "value": ""
                    },
                    "enabled": false,
                    "number": {
                      "condition": "",
                      "value": ""
                    },
                    "string": {
                      "condition": "",
                      "value": ""
                    },
                    "visible": "on-hover"
                  },
                  "footer": {
                    "align": "center",
                    "justify": "left",
                    "style": {
                      "classes": ""
                    },
                    "title": ""
                  },
                  "header": {
                    "align": "center",
                    "justify": "left",
                    "style": {
                      "classes": ""
                    },
                    "title": "Railcar"
                  },
                  "justify": "auto",
                  "nullFormat": {
                    "includeNullStrings": false,
                    "nullFormatValue": "",
                    "strict": false
                  },
                  "number": "value",
                  "numberFormat": "0,0.##",
                  "progressBar": {
                    "bar": {
                      "color": "",
                      "style": {
                        "classes": ""
                      }
                    },
                    "max": 100,
                    "min": 0,
                    "track": {
                      "color": "",
                      "style": {
                        "classes": ""
                      }
                    },
                    "value": {
                      "enabled": true,
                      "format": "0,0.##",
                      "justify": "center",
                      "style": {
                        "classes": ""
                      }
                    }
                  },
                  "render": "auto",
                  "resizable": true,
                  "sort": "none",
                  "sortable": true,
                  "strictWidth": false,
                  "style": {
                    "classes": ""
                  },
                  "toggleSwitch": {
                    "color": {
                      "selected": "",
                      "unselected": ""
                    }
                  },
                  "viewParams": {},
                  "viewPath": "",
                  "visible": true,
                  "width": 150
                },
                {
                  "align": "center",
                  "boolean": "checkbox",
                  "dateFormat": "MM/DD/YYYY",
                  "editable": false,
                  "field": "product_code",
                  "filter": {
                    "boolean": {
                      "condition": ""
                    },
                    "date": {
                      "condition": "",
                      "value": ""
                    },
                    "enabled": false,
                    "number": {
                      "condition": "",
                      "value": ""
                    },
                    "string": {
                      "condition": "",
                      "value": ""
                    },
                    "visible": "on-hover"
                  },
                  "footer": {
                    "align": "center",
                    "justify": "left",
                    "style": {
                      "classes": ""
                    },
                    "title": ""
                  },
                  "header": {
                    "align": "center",
                    "justify": "left",
                    "style": {
                      "classes": ""
                    },
                    "title": "Product"
                  },
                  "justify": "auto",
                  "nullFormat": {
                    "includeNullStrings": false,
                    "nullFormatValue": "",
                    "strict": false
                  },
                  "number": "value",
                  "numberFormat": "0,0.##",
                  "progressBar": {
                    "bar": {
                      "color": "",
                      "style": {
                        "classes": ""
                      }
                    },
                    "max": 100,
                    "min": 0,
                    "track": {
                      "color": "",
                      "style": {
                        "classes": ""
                      }
                    },
                    "value": {
                      "enabled": true,
                      "format": "0,0.##",
                      "justify": "center",
                      "style": {
                        "classes": ""
                      }
                    }
                  },
                  "render": "auto",
                  "resizable": true,
                  "sort": "none",
                  "sortable": true,
                  "strictWidth": false,
                  "style": {
                    "classes": ""
                  },
                  "toggleSwitch": {
                    "color": {
                      "selected": "",
                      "unselected": ""
                    }
                  },
                  "viewParams": {},
                  "viewPath": "",
                  "visible": true,
                  "width": 150
                },
                {
                  "align": "center",
                  "boolean": "checkbox",
                  "dateFormat": "MM/DD/YYYY",
                  "editable": false,
                  "field": "declared_weight",
                  "filter": {
                    "boolean": {
                      "condition": ""
                    },
                    "date": {
                      "condition": "",
                      "value": ""
                    },
                    "enabled": false,
                    "number": {
                      "condition": "",
                      "value": ""
                    },
                    "string": {
                      "condition": "",
                      "value": ""
                    },
                    "visible": "on-hover"
                  },
                  "footer": {
                    "align": "center",
                    "justify": "left",
                    "style": {
                      "classes": ""
                    },
                    "title": "Weight (kg)"
                  },
                  "header": {
                    "align": "center",
                    "justify": "left",
                    "style": {
                      "classes": ""
                    },
                    "title": ""
                  },
                  "justify": "auto",
                  "nullFormat": {
                    "includeNullStrings": false,
                    "nullFormatValue": "",
                    "strict": false
                  },
                  "number": "value",
                  "numberFormat": "0,0.##",
                  "progressBar": {
                    "bar": {
                      "color": "",
                      "style": {
                        "classes": ""
                      }
                    },
                    "max": 100,
                    "min": 0,
                    "track": {
                      "color": "",
                      "style": {
                        "classes": ""
                      }
                    },
                    "value": {
                      "enabled": true,
                      "format": "0,0.##",
                      "justify": "center",
                      "style": {
                        "classes": ""
                      }
                    }
                  },
                  "render": "auto",
                  "resizable": true,
                  "sort": "none",
                  "sortable": true,
                  "strictWidth": false,
                  "style": {
                    "classes": ""
                  },
                  "toggleSwitch": {
                    "color": {
                      "selected": "",
                      "unselected": ""
                    }
                  },
                  "viewParams": {},
                  "viewPath": "",
                  "visible": true,
                  "width": 120
                },
                {
                  "align": "center",
                  "boolean": "checkbox",
                  "dateFormat": "MM/DD/YYYY",
                  "editable": false,
                  "field": "valid",
                  "filter": {
                    "boolean": {
                      "condition": ""
                    },
                    "date": {
                      "condition": "",
                      "value": ""
                    },
                    "enabled": false,
                    "number": {
                      "condition": "",
                      "value": ""
                    },
                    "string": {
                      "condition": "",
                      "value": ""
                    },
                    "visible": "on-hover"
                  },
                  "footer": {
                    "align": "center",
                    "justify": "left",
                    "style": {
                      "classes": ""
                    },
                    "title": ""
                  },
                  "header": {
                    "align": "center",
                    "justify": "left",
                    "style": {
                      "classes": ""
                    },
                    "title": "Status"
                  },
                  "justify": "auto",
                  "nullFormat": {
                    "includeNullStrings": false,
                    "nullFormatValue": "",
                    "strict": false
                  },
                  "number": "value",
                  "numberFormat": "0,0.##",
                  "progressBar": {
                    "bar": {
                      "color": "",
                      "style": {
                        "classes": ""
                      }
                    },
                    "max": 100,
                    "min": 0,
                    "track": {
                      "color": "",
                      "style": {
                        "classes": ""
                      }
                    },
                    "value": {
                      "enabled": true,
                      "format": "0,0.##",
                      "justify": "center",
                      "style": {
                        "classes": ""
                      }
                    }
                  },
                  "render": "auto",
                  "resizable": true,
                  "sort": "none",
                  "sortable": true,
                  "strictWidth": false,
                  "style": {
                    "classes": ""
                  },
                  "toggleSwitch": {
                    "color": {
                      "selected": "",
                      "unselected": ""
                    }
                  },
                  "viewParams": {},
                  "viewPath": "",
                  "visible": true,
                  "width": 80
                }
              ]
            },
            "type": "ia.display.table"
          }
        ],
        "meta": {
          "name": "Preview"
        },
        "position": {
          "basis": "360px"
        },
        "props": {
          "direction": "column",
          "style": {
            "margin": "12px"
          }
        },
        "type": "ia.container.flex"
      },
      {
        "children": [
          {
            "meta": {
              "name": "Status"
            },
            "position": {
              "basis": "50px"
            },
            "propConfig": {
              "meta.visible": {
                "binding": {
                  "config": {
                    "expression": "len({view.custom.statusType}) \u003e 0"
                  },
                  "type": "expr"
                }
              },
              "props.style.classes": {
                "binding": {
                  "config": {
                    "expression": "if({view.custom.statusType} \u003d \"success\", \n   \"SuccessMessage\", \n   if({view.custom.statusType} \u003d \"error\",\n      \"ErrorMessage\",\n      \"WarningMessage\"\n   )\n)"
                  },
                  "type": "expr"
                }
              },
              "props.text": {
                "binding": {
                  "config": {
                    "path": "view.custom.statusMessage"
                  },
                  "type": "property"
                }
              }
            },
            "props": {
              "style": {
                "marginBottom": "24px"
              }
            },
            "type": "ia.display.label"
          },
          {
            "events": {
              "dom": {
                "onClick": {
                  "config": {
                    "script": "\tcars \u003d self.view.custom.parsedData\n\t\n\tif not cars or len(cars) \u003d\u003d 0:\n\t\tself.view.custom.statusMessage \u003d \"⚠️ No cars to import\"\n\t\tself.view.custom.statusType \u003d \"error\"\n\t\treturn\n\t\n\tresult \u003d system.db.runNamedQuery(\"createManifest\", {})\n\tmanifest_id \u003d result.getValueAt(0, \"manifest_id\")\n\t\n\timported \u003d 0\n\tskipped \u003d []\n\t\n\tfor car in cars:\n\t\tresult \u003d system.db.runNamedQuery(\"addCarToManifest\", {\n\t\t\t\"manifestId\": manifest_id,\n\t\t\t\"railcarNumber\": car[\"railcar_number\"],\n\t\t\t\"productCode\": car[\"product_code\"],\n\t\t\t\"declaredWeight\": car[\"declared_weight\"]\n\t\t})\n\t\t\n\t\tsuccess \u003d result.getValueAt(0, \"success\")\n\t\t\n\t\tif success:\n\t\t\timported +\u003d 1\n\t\telse:\n\t\t\t# Duplicate or other error\n\t\t\tskipped.append(car[\"railcar_number\"])\n\t\n\tself.view.custom.parsedData \u003d []\n\tself.view.custom.ediText \u003d \"\"\n\t\n\tif skipped:\n\t\tself.view.custom.statusMessage \u003d \"Imported \" + str(imported) + \", skipped \" + str(len(skipped)) + \": \" + \", \".join(skipped)\n\t\tself.view.custom.statusType \u003d \"warning\"\n\telse:\n\t\tself.view.custom.statusMessage \u003d \"Imported \" + str(imported) + \" cars into Manifest #\" + str(manifest_id)\n\t\tself.view.custom.statusType \u003d \"success\""
                  },
                  "scope": "G",
                  "type": "script"
                }
              }
            },
            "meta": {
              "name": "Button"
            },
            "position": {
              "shrink": 0
            },
            "propConfig": {
              "props.enabled": {
                "binding": {
                  "config": {
                    "expression": "len({view.custom.parsedData}) \u003e 0 \u0026\u0026 {view.custom.statusType} !\u003d \"error\""
                  },
                  "type": "expr"
                }
              }
            },
            "props": {
              "style": {
                "height": "50px",
                "width": "150px"
              },
              "text": "Insert"
            },
            "type": "ia.input.button"
          }
        ],
        "meta": {
          "name": "FlexContainer"
        },
        "position": {
          "basis": "150px"
        },
        "props": {
          "alignItems": "center",
          "direction": "column",
          "justify": "center",
          "style": {
            "margin": 12
          }
        },
        "type": "ia.container.flex"
      }
    ],
    "meta": {
      "name": "root"
    },
    "props": {
      "direction": "column"
    },
    "type": "ia.container.flex"
  }
}